"Arquivo","Critico","CaminhoCompleto","TamanhoKB","UltimaModificacao"
"supabase.ts","SIM","C:\Projetos\portal-cidadania-os\src\lib\supabase.ts","0,52","24/07/2026 17:25:18"
"001_schema_inicial.sql","SIM","C:\Projetos\portal-cidadania-os\supabase\migrations\001_schema_inicial.sql","1,1","23/07/2026 23:30:44"
"schema_completo.sql","SIM","C:\Projetos\portal-cidadania-os\supabase\schema_completo.sql","30,92","18/07/2026 12:10:12"
"nucleos.ts","","C:\Projetos\portal-cidadania-os\src\lib\nucleos.ts","4,88","23/07/2026 23:30:44"
"middleware.ts","","C:\Projetos\portal-cidadania-os\src\middleware.ts","3,58","24/07/2026 17:25:18"
"Header.tsx","","C:\Projetos\portal-cidadania-os\src\components\Header.tsx","13,8","24/07/2026 17:25:18"
"Footer.tsx","","C:\Projetos\portal-cidadania-os\src\components\Footer.tsx","13,82","23/07/2026 23:30:44"
"NucleoCard.tsx","","C:\Projetos\portal-cidadania-os\src\components\NucleoCard.tsx","1,49","17/07/2026 13:15:43"
"BannerCarousel.tsx","","C:\Projetos\portal-cidadania-os\src\components\BannerCarousel.tsx","9,37","23/07/2026 23:30:44"
"BgSlideshow.tsx","","C:\Projetos\portal-cidadania-os\src\components\BgSlideshow.tsx","2,02","23/07/2026 23:30:44"
"ChatbotFAQ.tsx","","C:\Projetos\portal-cidadania-os\src\components\ChatbotFAQ.tsx","11,5","24/07/2026 23:48:52"
"CardCurso.tsx","","C:\Projetos\portal-cidadania-os\src\components\cursos\CardCurso.tsx","1,44","21/06/2026 18:02:48"
"ListaCursos.tsx","","C:\Projetos\portal-cidadania-os\src\components\cursos\ListaCursos.tsx","1,71","21/06/2026 18:02:29"
"DetalhesCurso.tsx","","C:\Projetos\portal-cidadania-os\src\components\cursos\DetalhesCurso.tsx","3,55","21/06/2026 18:02:37"
"BotaoInscricao.tsx","","C:\Projetos\portal-cidadania-os\src\components\cursos\BotaoInscricao.tsx","5,25","21/06/2026 18:02:21"
"AdminPageHeader.tsx","","C:\Projetos\portal-cidadania-os\src\components\admin\AdminPageHeader.tsx","1,22","24/07/2026 17:25:18"
"next.config.js","","C:\Projetos\portal-cidadania-os\next.config.js","0,16","28/05/2026 23:25:33"
"tailwind.config.js","","C:\Projetos\portal-cidadania-os\tailwind.config.js","0,56","28/05/2026 23:53:47"
"tailwind.config.js","","C:\Projetos\portal-cidadania-os\node_modules\tailwindcss\stubs\tailwind.config.js","0,07","28/05/2026 23:25:47"
"package.json","","C:\Projetos\portal-cidadania-os\package.json","0,73","23/07/2026 12:35:03"
"package.json","","C:\Projetos\portal-cidadania-os\.next\package.json","0,02","24/07/2026 23:49:09"
"package.json","","C:\Projetos\portal-cidadania-os\.next\types\package.json","0,02","24/07/2026 23:49:39"
"package.json","","C:\Projetos\portal-cidadania-os\node_modules\@alloc\quick-lru\package.json","0,73","28/05/2026 23:25:43"
"package.json","","C:\Projetos\portal-cidadania-os\node_modules\@esbuild\win32-x64\package.json","0,37","23/07/2026 10:56:41"
"package.json","","C:\Projetos\portal-cidadania-os\node_modules\@jridgewell\gen-mapping\package.json","2,15","28/05/2026 23:25:45"
"package.json","","C:\Projetos\portal-cidadania-os\node_modules\@jridgewell\resolve-uri\package.json","2,01","28/05/2026 23:25:43"
"package.json","","C:\Projetos\portal-cidadania-os\node_modules\@jridgewell\sourcemap-codec\package.json","2,1","28/05/2026 23:25:45"
"package.json","","C:\Projetos\portal-cidadania-os\node_modules\@jridgewell\trace-mapping\package.json","2,2","28/05/2026 23:25:45"
"package.json","","C:\Projetos\portal-cidadania-os\node_modules\@next\env\package.json","0,96","28/05/2026 23:25:43"
"package.json","","C:\Projetos\portal-cidadania-os\node_modules\@next\swc-win32-x64-msvc\package.json","0,42","28/05/2026 23:25:43"
"package.json","","C:\Projetos\portal-cidadania-os\node_modules\@nodelib\fs.scandir\package.json","1,14","28/05/2026 23:25:45"
"package.json","","C:\Projetos\portal-cidadania-os\node_modules\@nodelib\fs.stat\package.json","0,96","28/05/2026 23:25:45"
"package.json","","C:\Projetos\portal-cidadania-os\node_modules\@nodelib\fs.walk\package.json","1,11","28/05/2026 23:25:45"
"package.json","","C:\Projetos\portal-cidadania-os\node_modules\@supabase\auth-js\package.json","1,51","28/05/2026 23:25:46"
"package.json","","C:\Projetos\portal-cidadania-os\node_modules\@supabase\functions-js\package.json","1,54","28/05/2026 23:25:45"
"package.json","","C:\Projetos\portal-cidadania-os\node_modules\@supabase\phoenix\package.json","1,63","28/05/2026 23:25:46"
"package.json","","C:\Projetos\portal-cidadania-os\node_modules\@supabase\postgrest-js\package.json","2,09","28/05/2026 23:25:45"
"package.json","","C:\Projetos\portal-cidadania-os\node_modules\@supabase\realtime-js\package.json","1,69","28/05/2026 23:25:46"
"package.json","","C:\Projetos\portal-cidadania-os\node_modules\@supabase\ssr\package.json","1,17","21/06/2026 21:13:26"
"package.json","","C:\Projetos\portal-cidadania-os\node_modules\@supabase\storage-js\package.json","1,78","28/05/2026 23:25:45"
"package.json","","C:\Projetos\portal-cidadania-os\node_modules\@supabase\supabase-js\package.json","5,22","28/05/2026 23:25:45"
"package.json","","C:\Projetos\portal-cidadania-os\node_modules\@swc\counter\package.json","0,61","28/05/2026 23:25:43"
"package.json","","C:\Projetos\portal-cidadania-os\node_modules\@swc\helpers\package.json","17,02","28/05/2026 23:25:47"
"package.json","","C:\Projetos\portal-cidadania-os\node_modules\@swc\helpers\_\index\package.json","0,07","28/05/2026 23:25:47"
"package.json","","C:\Projetos\portal-cidadania-os\node_modules\@swc\helpers\_\_apply_decorated_descriptor\package.json","0,12","28/05/2026 23:25:47"
"package.json","","C:\Projetos\portal-cidadania-os\node_modules\@swc\helpers\_\_apply_decs_2203_r\package.json","0,1","28/05/2026 23:25:47"
"package.json","","C:\Projetos\portal-cidadania-os\node_modules\@swc\helpers\_\_array_like_to_array\package.json","0,1","28/05/2026 23:25:47"
"package.json","","C:\Projetos\portal-cidadania-os\node_modules\@swc\helpers\_\_array_without_holes\package.json","0,1","28/05/2026 23:25:47"
"package.json","","C:\Projetos\portal-cidadania-os\node_modules\@swc\helpers\_\_array_with_holes\package.json","0,1","28/05/2026 23:25:47"
"package.json","","C:\Projetos\portal-cidadania-os\node_modules\@swc\helpers\_\_assert_this_initialized\package.json","0,11","28/05/2026 23:25:47"
"package.json","","C:\Projetos\portal-cidadania-os\node_modules\@swc\helpers\_\_async_generator\package.json","0,09","28/05/2026 23:25:47"
"package.json","","C:\Projetos\portal-cidadania-os\node_modules\@swc\helpers\_\_async_generator_delegate\package.json","0,11","28/05/2026 23:25:47"
"package.json","","C:\Projetos\portal-cidadania-os\node_modules\@swc\helpers\_\_async_iterator\package.json","0,09","28/05/2026 23:25:47"
"package.json","","C:\Projetos\portal-cidadania-os\node_modules\@swc\helpers\_\_async_to_generator\package.json","0,1","28/05/2026 23:25:47"
"package.json","","C:\Projetos\portal-cidadania-os\node_modules\@swc\helpers\_\_await_async_generator\package.json","0,11","28/05/2026 23:25:47"
"package.json","","C:\Projetos\portal-cidadania-os\node_modules\@swc\helpers\_\_await_value\package.json","0,09","28/05/2026 23:25:47"
"package.json","","C:\Projetos\portal-cidadania-os\node_modules\@swc\helpers\_\_check_private_redeclaration\package.json","0,12","28/05/2026 23:25:47"
"package.json","","C:\Projetos\portal-cidadania-os\node_modules\@swc\helpers\_\_class_apply_descriptor_destructure\package.json","0,13","28/05/2026 23:25:47"
"package.json","","C:\Projetos\portal-cidadania-os\node_modules\@swc\helpers\_\_class_apply_descriptor_get\package.json","0,12","28/05/2026 23:25:47"
"package.json","","C:\Projetos\portal-cidadania-os\node_modules\@swc\helpers\_\_class_apply_descriptor_set\package.json","0,12","28/05/2026 23:25:47"
"package.json","","C:\Projetos\portal-cidadania-os\node_modules\@swc\helpers\_\_class_apply_descriptor_update\package.json","0,12","28/05/2026 23:25:47"
"package.json","","C:\Projetos\portal-cidadania-os\node_modules\@swc\helpers\_\_class_call_check\package.json","0,1","28/05/2026 23:25:47"
"package.json","","C:\Projetos\portal-cidadania-os\node_modules\@swc\helpers\_\_class_check_private_static_access\package.json","0,13","28/05/2026 23:25:47"
"package.json","","C:\Projetos\portal-cidadania-os\node_modules\@swc\helpers\_\_class_check_private_static_field_descriptor\package.json","0,15","28/05/2026 23:25:47"
"package.json","","C:\Projetos\portal-cidadania-os\node_modules\@swc\helpers\_\_class_extract_field_descriptor\package.json","0,12","28/05/2026 23:25:47"
"package.json","","C:\Projetos\portal-cidadania-os\node_modules\@swc\helpers\_\_class_name_tdz_error\package.json","0,1","28/05/2026 23:25:47"
"package.json","","C:\Projetos\portal-cidadania-os\node_modules\@swc\helpers\_\_class_private_field_destructure\package.json","0,12","28/05/2026 23:25:47"
"package.json","","C:\Projetos\portal-cidadania-os\node_modules\@swc\helpers\_\_class_private_field_get\package.json","0,11","28/05/2026 23:25:47"
"package.json","","C:\Projetos\portal-cidadania-os\node_modules\@swc\helpers\_\_class_private_field_init\package.json","0,11","28/05/2026 23:25:47"
"package.json","","C:\Projetos\portal-cidadania-os\node_modules\@swc\helpers\_\_class_private_field_loose_base\package.json","0,12","28/05/2026 23:25:47"
"package.json","","C:\Projetos\portal-cidadania-os\node_modules\@swc\helpers\_\_class_private_field_loose_key\package.json","0,12","28/05/2026 23:25:47"
"package.json","","C:\Projetos\portal-cidadania-os\node_modules\@swc\helpers\_\_class_private_field_set\package.json","0,11","28/05/2026 23:25:47"
"package.json","","C:\Projetos\portal-cidadania-os\node_modules\@swc\helpers\_\_class_private_field_update\package.json","0,12","28/05/2026 23:25:47"
"package.json","","C:\Projetos\portal-cidadania-os\node_modules\@swc\helpers\_\_class_private_method_get\package.json","0,11","28/05/2026 23:25:47"
"package.json","","C:\Projetos\portal-cidadania-os\node_modules\@swc\helpers\_\_class_private_method_init\package.json","0,11","28/05/2026 23:25:47"
"package.json","","C:\Projetos\portal-cidadania-os\node_modules\@swc\helpers\_\_class_private_method_set\package.json","0,11","28/05/2026 23:25:47"
"package.json","","C:\Projetos\portal-cidadania-os\node_modules\@swc\helpers\_\_class_static_private_field_destructure\package.json","0,14","28/05/2026 23:25:47"
"package.json","","C:\Projetos\portal-cidadania-os\node_modules\@swc\helpers\_\_class_static_private_field_spec_get\package.json","0,13","28/05/2026 23:25:47"
"package.json","","C:\Projetos\portal-cidadania-os\node_modules\@swc\helpers\_\_class_static_private_field_spec_set\package.json","0,13","28/05/2026 23:25:47"
"package.json","","C:\Projetos\portal-cidadania-os\node_modules\@swc\helpers\_\_class_static_private_field_update\package.json","0,13","28/05/2026 23:25:47"
"package.json","","C:\Projetos\portal-cidadania-os\node_modules\@swc\helpers\_\_class_static_private_method_get\package.json","0,12","28/05/2026 23:25:47"
"package.json","","C:\Projetos\portal-cidadania-os\node_modules\@swc\helpers\_\_construct\package.json","0,08","28/05/2026 23:25:47"
"package.json","","C:\Projetos\portal-cidadania-os\node_modules\@swc\helpers\_\_create_class\package.json","0,09","28/05/2026 23:25:47"
"package.json","","C:\Projetos\portal-cidadania-os\node_modules\@swc\helpers\_\_create_for_of_iterator_helper_loose\package.json","0,13","28/05/2026 23:25:47"
"package.json","","C:\Projetos\portal-cidadania-os\node_modules\@swc\helpers\_\_create_super\package.json","0,09","28/05/2026 23:25:47"
"package.json","","C:\Projetos\portal-cidadania-os\node_modules\@swc\helpers\_\_decorate\package.json","0,08","28/05/2026 23:25:47"
"package.json","","C:\Projetos\portal-cidadania-os\node_modules\@swc\helpers\_\_defaults\package.json","0,08","28/05/2026 23:25:47"
"package.json","","C:\Projetos\portal-cidadania-os\node_modules\@swc\helpers\_\_define_enumerable_properties\package.json","0,12","28/05/2026 23:25:47"
"package.json","","C:\Projetos\portal-cidadania-os\node_modules\@swc\helpers\_\_define_property\package.json","0,09","28/05/2026 23:25:47"
"package.json","","C:\Projetos\portal-cidadania-os\node_modules\@swc\helpers\_\_dispose\package.json","0,08","28/05/2026 23:25:47"
"package.json","","C:\Projetos\portal-cidadania-os\node_modules\@swc\helpers\_\_export_star\package.json","0,09","28/05/2026 23:25:47"
"package.json","","C:\Projetos\portal-cidadania-os\node_modules\@swc\helpers\_\_extends\package.json","0,08","28/05/2026 23:25:47"
"package.json","","C:\Projetos\portal-cidadania-os\node_modules\@swc\helpers\_\_get\package.json","0,07","28/05/2026 23:25:47"
"package.json","","C:\Projetos\portal-cidadania-os\node_modules\@swc\helpers\_\_get_prototype_of\package.json","0,1","28/05/2026 23:25:47"
"package.json","","C:\Projetos\portal-cidadania-os\node_modules\@swc\helpers\_\_inherits\package.json","0,08","28/05/2026 23:25:47"
"package.json","","C:\Projetos\portal-cidadania-os\node_modules\@swc\helpers\_\_inherits_loose\package.json","0,09","28/05/2026 23:25:47"
"package.json","","C:\Projetos\portal-cidadania-os\node_modules\@swc\helpers\_\_initializer_define_property\package.json","0,12","28/05/2026 23:25:47"
"package.json","","C:\Projetos\portal-cidadania-os\node_modules\@swc\helpers\_\_initializer_warning_helper\package.json","0,12","28/05/2026 23:25:47"
"package.json","","C:\Projetos\portal-cidadania-os\node_modules\@swc\helpers\_\_instanceof\package.json","0,08","28/05/2026 23:25:47"
"package.json","","C:\Projetos\portal-cidadania-os\node_modules\@swc\helpers\_\_interop_require_default\package.json","0,11","28/05/2026 23:25:47"
"package.json","","C:\Projetos\portal-cidadania-os\node_modules\@swc\helpers\_\_interop_require_wildcard\package.json","0,11","28/05/2026 23:25:47"
"package.json","","C:\Projetos\portal-cidadania-os\node_modules\@swc\helpers\_\_is_native_function\package.json","0,1","28/05/2026 23:25:47"
"package.json","","C:\Projetos\portal-cidadania-os\node_modules\@swc\helpers\_\_is_native_reflect_construct\package.json","0,12","28/05/2026 23:25:47"
"package.json","","C:\Projetos\portal-cidadania-os\node_modules\@swc\helpers\_\_iterable_to_array\package.json","0,1","28/05/2026 23:25:47"
"package.json","","C:\Projetos\portal-cidadania-os\node_modules\@swc\helpers\_\_iterable_to_array_limit\package.json","0,11","28/05/2026 23:25:47"
"package.json","","C:\Projetos\portal-cidadania-os\node_modules\@swc\helpers\_\_iterable_to_array_limit_loose\package.json","0,12","28/05/2026 23:25:47"
"package.json","","C:\Projetos\portal-cidadania-os\node_modules\@swc\helpers\_\_jsx\package.json","0,07","28/05/2026 23:25:47"
"package.json","","C:\Projetos\portal-cidadania-os\node_modules\@swc\helpers\_\_new_arrow_check\package.json","0,09","28/05/2026 23:25:47"
"package.json","","C:\Projetos\portal-cidadania-os\node_modules\@swc\helpers\_\_non_iterable_rest\package.json","0,1","28/05/2026 23:25:47"
"package.json","","C:\Projetos\portal-cidadania-os\node_modules\@swc\helpers\_\_non_iterable_spread\package.json","0,1","28/05/2026 23:25:47"
"package.json","","C:\Projetos\portal-cidadania-os\node_modules\@swc\helpers\_\_object_destructuring_empty\package.json","0,12","28/05/2026 23:25:47"
"package.json","","C:\Projetos\portal-cidadania-os\node_modules\@swc\helpers\_\_object_spread\package.json","0,09","28/05/2026 23:25:47"
"package.json","","C:\Projetos\portal-cidadania-os\node_modules\@swc\helpers\_\_object_spread_props\package.json","0,1","28/05/2026 23:25:47"
"package.json","","C:\Projetos\portal-cidadania-os\node_modules\@swc\helpers\_\_object_without_properties\package.json","0,11","28/05/2026 23:25:47"
"package.json","","C:\Projetos\portal-cidadania-os\node_modules\@swc\helpers\_\_object_without_properties_loose\package.json","0,12","28/05/2026 23:25:47"
"package.json","","C:\Projetos\portal-cidadania-os\node_modules\@swc\helpers\_\_possible_constructor_return\package.json","0,12","28/05/2026 23:25:47"
"package.json","","C:\Projetos\portal-cidadania-os\node_modules\@swc\helpers\_\_read_only_error\package.json","0,09","28/05/2026 23:25:47"
"package.json","","C:\Projetos\portal-cidadania-os\node_modules\@swc\helpers\_\_set\package.json","0,07","28/05/2026 23:25:47"
"package.json","","C:\Projetos\portal-cidadania-os\node_modules\@swc\helpers\_\_set_prototype_of\package.json","0,1","28/05/2026 23:25:47"
"package.json","","C:\Projetos\portal-cidadania-os\node_modules\@swc\helpers\_\_skip_first_generator_next\package.json","0,11","28/05/2026 23:25:47"
"package.json","","C:\Projetos\portal-cidadania-os\node_modules\@swc\helpers\_\_sliced_to_array\package.json","0,09","28/05/2026 23:25:47"
"package.json","","C:\Projetos\portal-cidadania-os\node_modules\@swc\helpers\_\_sliced_to_array_loose\package.json","0,11","28/05/2026 23:25:47"
"package.json","","C:\Projetos\portal-cidadania-os\node_modules\@swc\helpers\_\_super_prop_base\package.json","0,09","28/05/2026 23:25:47"
"package.json","","C:\Projetos\portal-cidadania-os\node_modules\@swc\helpers\_\_tagged_template_literal\package.json","0,11","28/05/2026 23:25:47"
"package.json","","C:\Projetos\portal-cidadania-os\node_modules\@swc\helpers\_\_tagged_template_literal_loose\package.json","0,12","28/05/2026 23:25:47"
"package.json","","C:\Projetos\portal-cidadania-os\node_modules\@swc\helpers\_\_throw\package.json","0,07","28/05/2026 23:25:47"
"package.json","","C:\Projetos\portal-cidadania-os\node_modules\@swc\helpers\_\_to_array\package.json","0,08","28/05/2026 23:25:47"
"package.json","","C:\Projetos\portal-cidadania-os\node_modules\@swc\helpers\_\_to_consumable_array\package.json","0,1","28/05/2026 23:25:47"
"package.json","","C:\Projetos\portal-cidadania-os\node_modules\@swc\helpers\_\_to_primitive\package.json","0,09","28/05/2026 23:25:47"
"package.json","","C:\Projetos\portal-cidadania-os\node_modules\@swc\helpers\_\_to_property_key\package.json","0,09","28/05/2026 23:25:47"
"package.json","","C:\Projetos\portal-cidadania-os\node_modules\@swc\helpers\_\_ts_decorate\package.json","0,09","28/05/2026 23:25:47"
"package.json","","C:\Projetos\portal-cidadania-os\node_modules\@swc\helpers\_\_ts_generator\package.json","0,09","28/05/2026 23:25:47"
"package.json","","C:\Projetos\portal-cidadania-os\node_modules\@swc\helpers\_\_ts_metadata\package.json","0,09","28/05/2026 23:25:47"
"package.json","","C:\Projetos\portal-cidadania-os\node_modules\@swc\helpers\_\_ts_param\package.json","0,08","28/05/2026 23:25:47"
"package.json","","C:\Projetos\portal-cidadania-os\node_modules\@swc\helpers\_\_ts_values\package.json","0,08","28/05/2026 23:25:47"
"package.json","","C:\Projetos\portal-cidadania-os\node_modules\@swc\helpers\_\_type_of\package.json","0,08","28/05/2026 23:25:47"
"package.json","","C:\Projetos\portal-cidadania-os\node_modules\@swc\helpers\_\_unsupported_iterable_to_array\package.json","0,12","28/05/2026 23:25:47"
"package.json","","C:\Projetos\portal-cidadania-os\node_modules\@swc\helpers\_\_update\package.json","0,08","28/05/2026 23:25:47"
"package.json","","C:\Projetos\portal-cidadania-os\node_modules\@swc\helpers\_\_using\package.json","0,07","28/05/2026 23:25:47"
"package.json","","C:\Projetos\portal-cidadania-os\node_modules\@swc\helpers\_\_wrap_async_generator\package.json","0,1","28/05/2026 23:25:47"
"package.json","","C:\Projetos\portal-cidadania-os\node_modules\@swc\helpers\_\_wrap_native_super\package.json","0,1","28/05/2026 23:25:47"
"package.json","","C:\Projetos\portal-cidadania-os\node_modules\@swc\helpers\_\_write_only_error\package.json","0,1","28/05/2026 23:25:47"
"package.json","","C:\Projetos\portal-cidadania-os\node_modules\@types\cookie\package.json","0,92","21/06/2026 21:13:24"
"package.json","","C:\Projetos\portal-cidadania-os\node_modules\@types\node\package.json","4,03","28/05/2026 23:25:46"
"package.json","","C:\Projetos\portal-cidadania-os\node_modules\@types\papaparse\package.json","2,22","23/07/2026 10:56:41"
"package.json","","C:\Projetos\portal-cidadania-os\node_modules\@types\prop-types\package.json","1,12","28/05/2026 23:25:43"
"package.json","","C:\Projetos\portal-cidadania-os\node_modules\@types\react\package.json","5,87","28/05/2026 23:25:45"
"package.json","","C:\Projetos\portal-cidadania-os\node_modules\@types\react-dom\package.json","2,31","28/05/2026 23:25:45"
"package.json","","C:\Projetos\portal-cidadania-os\node_modules\any-promise\package.json","0,99","28/05/2026 23:25:43"
"package.json","","C:\Projetos\portal-cidadania-os\node_modules\anymatch\package.json","0,88","28/05/2026 23:25:43"
"package.json","","C:\Projetos\portal-cidadania-os\node_modules\anymatch\node_modules\picomatch\package.json","1,87","21/06/2026 21:13:23"
"package.json","","C:\Projetos\portal-cidadania-os\node_modules\arg\package.json","0,58","28/05/2026 23:25:43"
"package.json","","C:\Projetos\portal-cidadania-os\node_modules\autoprefixer\package.json","1,12","29/05/2026 00:04:29"
"package.json","","C:\Projetos\portal-cidadania-os\node_modules\baseline-browser-mapping\package.json","2,77","29/05/2026 00:04:27"
"package.json","","C:\Projetos\portal-cidadania-os\node_modules\binary-extensions\package.json","0,72","28/05/2026 23:25:43"
"package.json","","C:\Projetos\portal-cidadania-os\node_modules\braces\package.json","1,61","28/05/2026 23:25:45"
"package.json","","C:\Projetos\portal-cidadania-os\node_modules\browserslist\package.json","1,09","29/05/2026 00:04:27"
"package.json","","C:\Projetos\portal-cidadania-os\node_modules\busboy\package.json","0,79","28/05/2026 23:25:45"
"package.json","","C:\Projetos\portal-cidadania-os\node_modules\camelcase-css\package.json","0,84","28/05/2026 23:25:43"
"package.json","","C:\Projetos\portal-cidadania-os\node_modules\caniuse-lite\package.json","0,72","28/05/2026 23:25:51"
"package.json","","C:\Projetos\portal-cidadania-os\node_modules\chokidar\package.json","1,61","28/05/2026 23:25:45"
"package.json","","C:\Projetos\portal-cidadania-os\node_modules\chokidar\node_modules\glob-parent\package.json","1,08","28/05/2026 23:25:43"
"package.json","","C:\Projetos\portal-cidadania-os\node_modules\client-only\package.json","0,46","28/05/2026 23:25:43"
"package.json","","C:\Projetos\portal-cidadania-os\node_modules\commander\package.json","0,91","28/05/2026 23:25:43"
"package.json","","C:\Projetos\portal-cidadania-os\node_modules\cookie\package.json","1,07","21/06/2026 21:13:23"
"package.json","","C:\Projetos\portal-cidadania-os\node_modules\cssesc\package.json","1,22","28/05/2026 23:25:43"
"package.json","","C:\Projetos\portal-cidadania-os\node_modules\csstype\package.json","1,94","28/05/2026 23:25:45"
"package.json","","C:\Projetos\portal-cidadania-os\node_modules\didyoumean\package.json","0,63","28/05/2026 23:25:43"
"package.json","","C:\Projetos\portal-cidadania-os\node_modules\dlv\package.json","0,78","28/05/2026 23:25:43"
"package.json","","C:\Projetos\portal-cidadania-os\node_modules\electron-to-chromium\package.json","1","29/05/2026 00:04:27"
"package.json","","C:\Projetos\portal-cidadania-os\node_modules\es-errors\package.json","2,12","28/05/2026 23:25:45"
"package.json","","C:\Projetos\portal-cidadania-os\node_modules\esbuild\package.json","3,89","23/07/2026 10:56:41"
"package.json","","C:\Projetos\portal-cidadania-os\node_modules\escalade\package.json","1,43","29/05/2026 00:04:27"
"package.json","","C:\Projetos\portal-cidadania-os\node_modules\fast-glob\package.json","2,73","28/05/2026 23:25:46"
"package.json","","C:\Projetos\portal-cidadania-os\node_modules\fast-glob\node_modules\glob-parent\package.json","1,08","28/05/2026 23:25:43"
"package.json","","C:\Projetos\portal-cidadania-os\node_modules\fastq\package.json","1,29","28/05/2026 23:25:45"
"package.json","","C:\Projetos\portal-cidadania-os\node_modules\fdir\package.json","2,63","28/05/2026 23:25:43"
"package.json","","C:\Projetos\portal-cidadania-os\node_modules\fill-range\package.json","1,72","28/05/2026 23:25:43"
"package.json","","C:\Projetos\portal-cidadania-os\node_modules\fraction.js\package.json","1,71","29/05/2026 00:04:27"
"package.json","","C:\Projetos\portal-cidadania-os\node_modules\function-bind\package.json","2,21","28/05/2026 23:25:45"
"package.json","","C:\Projetos\portal-cidadania-os\node_modules\glob-parent\package.json","1,03","28/05/2026 23:25:43"
"package.json","","C:\Projetos\portal-cidadania-os\node_modules\graceful-fs\package.json","1,01","28/05/2026 23:25:45"
"package.json","","C:\Projetos\portal-cidadania-os\node_modules\hasown\package.json","2,21","28/05/2026 23:25:43"
"package.json","","C:\Projetos\portal-cidadania-os\node_modules\iceberg-js\package.json","1,93","28/05/2026 23:25:43"
"package.json","","C:\Projetos\portal-cidadania-os\node_modules\is-binary-path\package.json","0,64","28/05/2026 23:25:43"
"package.json","","C:\Projetos\portal-cidadania-os\node_modules\is-core-module\package.json","1,87","28/05/2026 23:25:45"
"package.json","","C:\Projetos\portal-cidadania-os\node_modules\is-extglob\package.json","1,19","28/05/2026 23:25:43"
"package.json","","C:\Projetos\portal-cidadania-os\node_modules\is-glob\package.json","1,71","28/05/2026 23:25:43"
"package.json","","C:\Projetos\portal-cidadania-os\node_modules\is-number\package.json","1,56","28/05/2026 23:25:43"
"package.json","","C:\Projetos\portal-cidadania-os\node_modules\jiti\package.json","2,74","28/05/2026 23:25:46"
"package.json","","C:\Projetos\portal-cidadania-os\node_modules\js-tokens\package.json","0,63","28/05/2026 23:25:43"
"package.json","","C:\Projetos\portal-cidadania-os\node_modules\lilconfig\package.json","0,97","28/05/2026 23:25:43"
"package.json","","C:\Projetos\portal-cidadania-os\node_modules\lines-and-columns\package.json","1,34","28/05/2026 23:25:43"
"package.json","","C:\Projetos\portal-cidadania-os\node_modules\loose-envify\package.json","0,79","28/05/2026 23:25:43"
"package.json","","C:\Projetos\portal-cidadania-os\node_modules\lucide-react\package.json","2,29","28/05/2026 23:25:53"
"package.json","","C:\Projetos\portal-cidadania-os\node_modules\merge2\package.json","0,81","28/05/2026 23:25:43"
"package.json","","C:\Projetos\portal-cidadania-os\node_modules\micromatch\package.json","2,59","28/05/2026 23:25:43"
"package.json","","C:\Projetos\portal-cidadania-os\node_modules\micromatch\node_modules\picomatch\package.json","1,87","21/06/2026 21:13:23"
"package.json","","C:\Projetos\portal-cidadania-os\node_modules\mz\package.json","0,99","28/05/2026 23:25:43"
"package.json","","C:\Projetos\portal-cidadania-os\node_modules\nanoid\package.json","2,23","28/05/2026 23:25:45"
"package.json","","C:\Projetos\portal-cidadania-os\node_modules\nanoid\async\package.json","0,23","28/05/2026 23:25:45"
"package.json","","C:\Projetos\portal-cidadania-os\node_modules\nanoid\non-secure\package.json","0,1","28/05/2026 23:25:45"
"package.json","","C:\Projetos\portal-cidadania-os\node_modules\nanoid\url-alphabet\package.json","0,1","28/05/2026 23:25:45"
"package.json","","C:\Projetos\portal-cidadania-os\node_modules\next\package.json","9,76","28/05/2026 23:25:58"
"package.json","","C:\Projetos\portal-cidadania-os\node_modules\next\dist\compiled\@babel\runtime\package.json","27,84","28/05/2026 23:25:58"
"package.json","","C:\Projetos\portal-cidadania-os\node_modules\next\dist\compiled\@babel\runtime\helpers\esm\package.json","0,03","28/05/2026 23:25:58"
"package.json","","C:\Projetos\portal-cidadania-os\node_modules\next\dist\compiled\@edge-runtime\cookies\package.json","0,08","28/05/2026 23:25:58"
"package.json","","C:\Projetos\portal-cidadania-os\node_modules\next\dist\compiled\@edge-runtime\ponyfill\package.json","0,11","28/05/2026 23:25:58"
"package.json","","C:\Projetos\portal-cidadania-os\node_modules\next\dist\compiled\@edge-runtime\primitives\package.json","0,09","28/05/2026 23:25:58"
"package.json","","C:\Projetos\portal-cidadania-os\node_modules\next\dist\compiled\@hapi\accept\package.json","0,07","28/05/2026 23:25:58"
"package.json","","C:\Projetos\portal-cidadania-os\node_modules\next\dist\compiled\@mswjs\interceptors\ClientRequest\package.json","0,09","28/05/2026 23:25:58"
"package.json","","C:\Projetos\portal-cidadania-os\node_modules\next\dist\compiled\@napi-rs\triples\package.json","0,1","28/05/2026 23:25:58"
"package.json","","C:\Projetos\portal-cidadania-os\node_modules\next\dist\compiled\@next\font\package.json","0,06","28/05/2026 23:25:58"
"package.json","","C:\Projetos\portal-cidadania-os\node_modules\next\dist\compiled\@opentelemetry\api\package.json","0,1","28/05/2026 23:25:58"
"package.json","","C:\Projetos\portal-cidadania-os\node_modules\next\dist\compiled\@vercel\nft\package.json","0,06","28/05/2026 23:25:58"
"package.json","","C:\Projetos\portal-cidadania-os\node_modules\next\dist\compiled\@vercel\og\package.json","0,33","28/05/2026 23:25:58"
"package.json","","C:\Projetos\portal-cidadania-os\node_modules\next\dist\compiled\acorn\package.json","0,05","28/05/2026 23:25:58"
"package.json","","C:\Projetos\portal-cidadania-os\node_modules\next\dist\compiled\amphtml-validator\package.json","0,1","28/05/2026 23:25:58"
"package.json","","C:\Projetos\portal-cidadania-os\node_modules\next\dist\compiled\anser\package.json","0,12","28/05/2026 23:25:58"
"package.json","","C:\Projetos\portal-cidadania-os\node_modules\next\dist\compiled\arg\package.json","0,08","28/05/2026 23:25:58"
"package.json","","C:\Projetos\portal-cidadania-os\node_modules\next\dist\compiled\assert\package.json","0,05","28/05/2026 23:25:58"
"package.json","","C:\Projetos\portal-cidadania-os\node_modules\next\dist\compiled\async-retry\package.json","0,06","28/05/2026 23:25:58"
"package.json","","C:\Projetos\portal-cidadania-os\node_modules\next\dist\compiled\async-sema\package.json","0,08","28/05/2026 23:25:58"
"package.json","","C:\Projetos\portal-cidadania-os\node_modules\next\dist\compiled\babel\package.json","0,11","28/05/2026 23:25:58"
"package.json","","C:\Projetos\portal-cidadania-os\node_modules\next\dist\compiled\babel-packages\package.json","0,05","28/05/2026 23:25:58"
"package.json","","C:\Projetos\portal-cidadania-os\node_modules\next\dist\compiled\browserify-zlib\package.json","0,11","28/05/2026 23:25:58"
"package.json","","C:\Projetos\portal-cidadania-os\node_modules\next\dist\compiled\browserslist\package.json","0,1","28/05/2026 23:25:58"
"package.json","","C:\Projetos\portal-cidadania-os\node_modules\next\dist\compiled\buffer\package.json","0,14","28/05/2026 23:25:58"
"package.json","","C:\Projetos\portal-cidadania-os\node_modules\next\dist\compiled\bytes\package.json","0,12","28/05/2026 23:25:58"
"package.json","","C:\Projetos\portal-cidadania-os\node_modules\next\dist\compiled\ci-info\package.json","0,12","28/05/2026 23:25:58"
"package.json","","C:\Projetos\portal-cidadania-os\node_modules\next\dist\compiled\cli-select\package.json","0,09","28/05/2026 23:25:58"
"package.json","","C:\Projetos\portal-cidadania-os\node_modules\next\dist\compiled\client-only\package.json","0,46","28/05/2026 23:25:58"
"package.json","","C:\Projetos\portal-cidadania-os\node_modules\next\dist\compiled\commander\package.json","0,1","28/05/2026 23:25:58"
"package.json","","C:\Projetos\portal-cidadania-os\node_modules\next\dist\compiled\comment-json\package.json","0,08","28/05/2026 23:25:58"
"package.json","","C:\Projetos\portal-cidadania-os\node_modules\next\dist\compiled\compression\package.json","0,06","28/05/2026 23:25:58"
"package.json","","C:\Projetos\portal-cidadania-os\node_modules\next\dist\compiled\conf\package.json","0,14","28/05/2026 23:25:58"
"package.json","","C:\Projetos\portal-cidadania-os\node_modules\next\dist\compiled\constants-browserify\package.json","0,06","28/05/2026 23:25:58"
"package.json","","C:\Projetos\portal-cidadania-os\node_modules\next\dist\compiled\content-disposition\package.json","0,12","28/05/2026 23:25:58"
"package.json","","C:\Projetos\portal-cidadania-os\node_modules\next\dist\compiled\content-type\package.json","0,12","28/05/2026 23:25:58"
"package.json","","C:\Projetos\portal-cidadania-os\node_modules\next\dist\compiled\cookie\package.json","0,1","28/05/2026 23:25:58"
"package.json","","C:\Projetos\portal-cidadania-os\node_modules\next\dist\compiled\cross-spawn\package.json","0,1","28/05/2026 23:25:58"
"package.json","","C:\Projetos\portal-cidadania-os\node_modules\next\dist\compiled\crypto-browserify\package.json","0,13","28/05/2026 23:25:58"
"package.json","","C:\Projetos\portal-cidadania-os\node_modules\next\dist\compiled\css.escape\package.json","0,13","28/05/2026 23:25:58"
"package.json","","C:\Projetos\portal-cidadania-os\node_modules\next\dist\compiled\data-uri-to-buffer\package.json","0,13","28/05/2026 23:25:58"
"package.json","","C:\Projetos\portal-cidadania-os\node_modules\next\dist\compiled\debug\package.json","0,1","28/05/2026 23:25:58"
"package.json","","C:\Projetos\portal-cidadania-os\node_modules\next\dist\compiled\devalue\package.json","0,06","28/05/2026 23:25:58"
"package.json","","C:\Projetos\portal-cidadania-os\node_modules\next\dist\compiled\domain-browser\package.json","0,12","28/05/2026 23:25:58"
"package.json","","C:\Projetos\portal-cidadania-os\node_modules\next\dist\compiled\edge-runtime\package.json","0,06","28/05/2026 23:25:58"
"package.json","","C:\Projetos\portal-cidadania-os\node_modules\next\dist\compiled\events\package.json","0,12","28/05/2026 23:25:58"
"package.json","","C:\Projetos\portal-cidadania-os\node_modules\next\dist\compiled\find-cache-dir\package.json","0,06","28/05/2026 23:25:58"
"package.json","","C:\Projetos\portal-cidadania-os\node_modules\next\dist\compiled\find-up\package.json","0,14","28/05/2026 23:25:58"
"package.json","","C:\Projetos\portal-cidadania-os\node_modules\next\dist\compiled\fresh\package.json","0,12","28/05/2026 23:25:58"
"package.json","","C:\Projetos\portal-cidadania-os\node_modules\next\dist\compiled\get-orientation\package.json","0,11","28/05/2026 23:25:58"
"package.json","","C:\Projetos\portal-cidadania-os\node_modules\next\dist\compiled\glob\package.json","0,11","28/05/2026 23:25:58"
"package.json","","C:\Projetos\portal-cidadania-os\node_modules\next\dist\compiled\gzip-size\package.json","0,14","28/05/2026 23:25:58"
"package.json","","C:\Projetos\portal-cidadania-os\node_modules\next\dist\compiled\http-proxy\package.json","0,11","28/05/2026 23:25:58"
"package.json","","C:\Projetos\portal-cidadania-os\node_modules\next\dist\compiled\http-proxy-agent\package.json","0,13","28/05/2026 23:25:58"
"package.json","","C:\Projetos\portal-cidadania-os\node_modules\next\dist\compiled\https-browserify\package.json","0,15","28/05/2026 23:25:58"
"package.json","","C:\Projetos\portal-cidadania-os\node_modules\next\dist\compiled\https-proxy-agent\package.json","0,13","28/05/2026 23:25:58"
"package.json","","C:\Projetos\portal-cidadania-os\node_modules\next\dist\compiled\icss-utils\package.json","0,08","28/05/2026 23:25:58"
"package.json","","C:\Projetos\portal-cidadania-os\node_modules\next\dist\compiled\ignore-loader\package.json","0,04","28/05/2026 23:25:58"
"package.json","","C:\Projetos\portal-cidadania-os\node_modules\next\dist\compiled\image-size\package.json","0,11","28/05/2026 23:25:58"
"package.json","","C:\Projetos\portal-cidadania-os\node_modules\next\dist\compiled\is-animated\package.json","0,11","28/05/2026 23:25:58"
"package.json","","C:\Projetos\portal-cidadania-os\node_modules\next\dist\compiled\is-docker\package.json","0,14","28/05/2026 23:25:58"
"package.json","","C:\Projetos\portal-cidadania-os\node_modules\next\dist\compiled\is-wsl\package.json","0,14","28/05/2026 23:25:58"
"package.json","","C:\Projetos\portal-cidadania-os\node_modules\next\dist\compiled\jest-worker\package.json","0,06","28/05/2026 23:25:58"
"package.json","","C:\Projetos\portal-cidadania-os\node_modules\next\dist\compiled\json5\package.json","0,1","28/05/2026 23:25:58"
"package.json","","C:\Projetos\portal-cidadania-os\node_modules\next\dist\compiled\jsonwebtoken\package.json","0,07","28/05/2026 23:25:58"
"package.json","","C:\Projetos\portal-cidadania-os\node_modules\next\dist\compiled\loader-runner\package.json","0,1","28/05/2026 23:25:58"
"package.json","","C:\Projetos\portal-cidadania-os\node_modules\next\dist\compiled\loader-utils2\package.json","0,09","28/05/2026 23:25:58"
"package.json","","C:\Projetos\portal-cidadania-os\node_modules\next\dist\compiled\loader-utils3\package.json","0,09","28/05/2026 23:25:58"
"package.json","","C:\Projetos\portal-cidadania-os\node_modules\next\dist\compiled\lodash.curry\package.json","0,14","28/05/2026 23:25:58"
"package.json","","C:\Projetos\portal-cidadania-os\node_modules\next\dist\compiled\lru-cache\package.json","0,09","28/05/2026 23:25:58"
"package.json","","C:\Projetos\portal-cidadania-os\node_modules\next\dist\compiled\mini-css-extract-plugin\package.json","0,1","28/05/2026 23:25:58"
"package.json","","C:\Projetos\portal-cidadania-os\node_modules\next\dist\compiled\nanoid\package.json","0,09","28/05/2026 23:25:58"
"package.json","","C:\Projetos\portal-cidadania-os\node_modules\next\dist\compiled\native-url\package.json","0,09","28/05/2026 23:25:58"
"package.json","","C:\Projetos\portal-cidadania-os\node_modules\next\dist\compiled\neo-async\package.json","0,05","28/05/2026 23:25:58"
"package.json","","C:\Projetos\portal-cidadania-os\node_modules\next\dist\compiled\node-fetch\package.json","0,08","28/05/2026 23:25:58"
"package.json","","C:\Projetos\portal-cidadania-os\node_modules\next\dist\compiled\node-html-parser\package.json","0,1","28/05/2026 23:25:58"
"package.json","","C:\Projetos\portal-cidadania-os\node_modules\next\dist\compiled\ora\package.json","0,15","28/05/2026 23:25:58"
"package.json","","C:\Projetos\portal-cidadania-os\node_modules\next\dist\compiled\os-browserify\package.json","0,1","28/05/2026 23:25:58"
"package.json","","C:\Projetos\portal-cidadania-os\node_modules\next\dist\compiled\p-limit\package.json","0,15","28/05/2026 23:25:58"
"package.json","","C:\Projetos\portal-cidadania-os\node_modules\next\dist\compiled\path-browserify\package.json","0,15","28/05/2026 23:25:58"
"package.json","","C:\Projetos\portal-cidadania-os\node_modules\next\dist\compiled\picomatch\package.json","0,11","28/05/2026 23:25:58"
"package.json","","C:\Projetos\portal-cidadania-os\node_modules\next\dist\compiled\platform\package.json","0,1","28/05/2026 23:25:58"
"package.json","","C:\Projetos\portal-cidadania-os\node_modules\next\dist\compiled\postcss-flexbugs-fixes\package.json","0,11","28/05/2026 23:25:58"
"package.json","","C:\Projetos\portal-cidadania-os\node_modules\next\dist\compiled\postcss-modules-extract-imports\package.json","0,1","28/05/2026 23:25:58"
"package.json","","C:\Projetos\portal-cidadania-os\node_modules\next\dist\compiled\postcss-modules-local-by-default\package.json","0,1","28/05/2026 23:25:58"
"package.json","","C:\Projetos\portal-cidadania-os\node_modules\next\dist\compiled\postcss-modules-scope\package.json","0,09","28/05/2026 23:25:58"
"package.json","","C:\Projetos\portal-cidadania-os\node_modules\next\dist\compiled\postcss-modules-values\package.json","0,09","28/05/2026 23:25:58"
"package.json","","C:\Projetos\portal-cidadania-os\node_modules\next\dist\compiled\postcss-preset-env\package.json","0,12","28/05/2026 23:25:58"
"package.json","","C:\Projetos\portal-cidadania-os\node_modules\next\dist\compiled\postcss-safe-parser\package.json","0,11","28/05/2026 23:25:58"
"package.json","","C:\Projetos\portal-cidadania-os\node_modules\next\dist\compiled\postcss-scss\package.json","0,11","28/05/2026 23:25:58"
"package.json","","C:\Projetos\portal-cidadania-os\node_modules\next\dist\compiled\postcss-value-parser\package.json","0,11","28/05/2026 23:25:58"
"package.json","","C:\Projetos\portal-cidadania-os\node_modules\next\dist\compiled\process\package.json","0,1","28/05/2026 23:25:58"
"package.json","","C:\Projetos\portal-cidadania-os\node_modules\next\dist\compiled\punycode\package.json","0,12","28/05/2026 23:25:58"
"package.json","","C:\Projetos\portal-cidadania-os\node_modules\next\dist\compiled\querystring-es3\package.json","0,09","28/05/2026 23:25:58"
"package.json","","C:\Projetos\portal-cidadania-os\node_modules\next\dist\compiled\raw-body\package.json","0,12","28/05/2026 23:25:58"
"package.json","","C:\Projetos\portal-cidadania-os\node_modules\next\dist\compiled\react\package.json","0,42","28/05/2026 23:25:58"
"package.json","","C:\Projetos\portal-cidadania-os\node_modules\next\dist\compiled\react-dom\package.json","1,62","28/05/2026 23:25:58"
"package.json","","C:\Projetos\portal-cidadania-os\node_modules\next\dist\compiled\react-dom-experimental\package.json","1,69","28/05/2026 23:25:58"
"package.json","","C:\Projetos\portal-cidadania-os\node_modules\next\dist\compiled\react-experimental\package.json","0,43","28/05/2026 23:25:58"
"package.json","","C:\Projetos\portal-cidadania-os\node_modules\next\dist\compiled\react-is\package.json","0,49","28/05/2026 23:25:58"
"package.json","","C:\Projetos\portal-cidadania-os\node_modules\next\dist\compiled\react-refresh\package.json","0,86","28/05/2026 23:25:58"
"package.json","","C:\Projetos\portal-cidadania-os\node_modules\next\dist\compiled\react-server-dom-turbopack\package.json","1,68","28/05/2026 23:25:58"
"package.json","","C:\Projetos\portal-cidadania-os\node_modules\next\dist\compiled\react-server-dom-turbopack-experimental\package.json","1,71","28/05/2026 23:25:58"
"package.json","","C:\Projetos\portal-cidadania-os\node_modules\next\dist\compiled\react-server-dom-webpack\package.json","1,65","28/05/2026 23:25:58"
"package.json","","C:\Projetos\portal-cidadania-os\node_modules\next\dist\compiled\react-server-dom-webpack-experimental\package.json","1,68","28/05/2026 23:25:58"
"package.json","","C:\Projetos\portal-cidadania-os\node_modules\next\dist\compiled\regenerator-runtime\package.json","0,47","28/05/2026 23:25:58"
"package.json","","C:\Projetos\portal-cidadania-os\node_modules\next\dist\compiled\sass-loader\package.json","0,08","28/05/2026 23:25:58"
"package.json","","C:\Projetos\portal-cidadania-os\node_modules\next\dist\compiled\scheduler\package.json","0,08","28/05/2026 23:25:58"
"package.json","","C:\Projetos\portal-cidadania-os\node_modules\next\dist\compiled\scheduler-experimental\package.json","0,1","28/05/2026 23:25:58"
"package.json","","C:\Projetos\portal-cidadania-os\node_modules\next\dist\compiled\schema-utils2\package.json","0,12","28/05/2026 23:25:58"
"package.json","","C:\Projetos\portal-cidadania-os\node_modules\next\dist\compiled\schema-utils3\package.json","0,12","28/05/2026 23:25:58"
"package.json","","C:\Projetos\portal-cidadania-os\node_modules\next\dist\compiled\semver\package.json","0,05","28/05/2026 23:25:58"
"package.json","","C:\Projetos\portal-cidadania-os\node_modules\next\dist\compiled\send\package.json","0,09","28/05/2026 23:25:58"
"package.json","","C:\Projetos\portal-cidadania-os\node_modules\next\dist\compiled\server-only\package.json","0,46","28/05/2026 23:25:58"
"package.json","","C:\Projetos\portal-cidadania-os\node_modules\next\dist\compiled\setimmediate\package.json","0,08","28/05/2026 23:25:58"
"package.json","","C:\Projetos\portal-cidadania-os\node_modules\next\dist\compiled\shell-quote\package.json","0,14","28/05/2026 23:25:58"
"package.json","","C:\Projetos\portal-cidadania-os\node_modules\next\dist\compiled\source-map\package.json","0,12","28/05/2026 23:25:58"
"package.json","","C:\Projetos\portal-cidadania-os\node_modules\next\dist\compiled\source-map08\package.json","0,12","28/05/2026 23:25:58"
"package.json","","C:\Projetos\portal-cidadania-os\node_modules\next\dist\compiled\stacktrace-parser\package.json","0,15","28/05/2026 23:25:58"
"package.json","","C:\Projetos\portal-cidadania-os\node_modules\next\dist\compiled\stream-browserify\package.json","0,15","28/05/2026 23:25:58"
"package.json","","C:\Projetos\portal-cidadania-os\node_modules\next\dist\compiled\stream-http\package.json","0,08","28/05/2026 23:25:58"
"package.json","","C:\Projetos\portal-cidadania-os\node_modules\next\dist\compiled\string-hash\package.json","0,13","28/05/2026 23:25:58"
"package.json","","C:\Projetos\portal-cidadania-os\node_modules\next\dist\compiled\string_decoder\package.json","0,07","28/05/2026 23:25:58"
"package.json","","C:\Projetos\portal-cidadania-os\node_modules\next\dist\compiled\strip-ansi\package.json","0,14","28/05/2026 23:25:58"
"package.json","","C:\Projetos\portal-cidadania-os\node_modules\next\dist\compiled\superstruct\package.json","0,06","28/05/2026 23:25:58"
"package.json","","C:\Projetos\portal-cidadania-os\node_modules\next\dist\compiled\tar\package.json","0,07","28/05/2026 23:25:58"
"package.json","","C:\Projetos\portal-cidadania-os\node_modules\next\dist\compiled\terser\package.json","0,13","28/05/2026 23:25:58"
"package.json","","C:\Projetos\portal-cidadania-os\node_modules\next\dist\compiled\text-table\package.json","0,14","28/05/2026 23:25:58"
"package.json","","C:\Projetos\portal-cidadania-os\node_modules\next\dist\compiled\timers-browserify\package.json","0,13","28/05/2026 23:25:58"
"package.json","","C:\Projetos\portal-cidadania-os\node_modules\next\dist\compiled\tty-browserify\package.json","0,15","28/05/2026 23:25:58"
"package.json","","C:\Projetos\portal-cidadania-os\node_modules\next\dist\compiled\ua-parser-js\package.json","0,12","28/05/2026 23:25:58"
"package.json","","C:\Projetos\portal-cidadania-os\node_modules\next\dist\compiled\unistore\package.json","0,1","28/05/2026 23:25:58"
"package.json","","C:\Projetos\portal-cidadania-os\node_modules\next\dist\compiled\util\package.json","0,1","28/05/2026 23:25:58"
"package.json","","C:\Projetos\portal-cidadania-os\node_modules\next\dist\compiled\vm-browserify\package.json","0,15","28/05/2026 23:25:58"
"package.json","","C:\Projetos\portal-cidadania-os\node_modules\next\dist\compiled\watchpack\package.json","0,09","28/05/2026 23:25:58"
"package.json","","C:\Projetos\portal-cidadania-os\node_modules\next\dist\compiled\web-vitals\package.json","0,16","28/05/2026 23:25:58"
"package.json","","C:\Projetos\portal-cidadania-os\node_modules\next\dist\compiled\web-vitals-attribution\package.json","0,18","28/05/2026 23:25:58"
"package.json","","C:\Projetos\portal-cidadania-os\node_modules\next\dist\compiled\webpack\package.json","0,09","28/05/2026 23:25:58"
"package.json","","C:\Projetos\portal-cidadania-os\node_modules\next\dist\compiled\webpack-sources1\package.json","0,09","28/05/2026 23:25:58"
"package.json","","C:\Projetos\portal-cidadania-os\node_modules\next\dist\compiled\webpack-sources3\package.json","0,09","28/05/2026 23:25:58"
"package.json","","C:\Projetos\portal-cidadania-os\node_modules\next\dist\compiled\ws\package.json","0,11","28/05/2026 23:25:58"
"package.json","","C:\Projetos\portal-cidadania-os\node_modules\next\dist\compiled\zod\package.json","0,1","28/05/2026 23:25:58"
"package.json","","C:\Projetos\portal-cidadania-os\node_modules\next\dist\src\compiled\@ampproject\toolbox-optimizer\package.json","0,1","28/05/2026 23:25:58"
"package.json","","C:\Projetos\portal-cidadania-os\node_modules\next\node_modules\postcss\package.json","2,44","28/05/2026 23:25:46"
"package.json","","C:\Projetos\portal-cidadania-os\node_modules\node-releases\package.json","0,5","29/05/2026 00:04:27"
"package.json","","C:\Projetos\portal-cidadania-os\node_modules\normalize-path\package.json","1,63","28/05/2026 23:25:43"
"package.json","","C:\Projetos\portal-cidadania-os\node_modules\object-assign\package.json","0,75","28/05/2026 23:25:43"
"package.json","","C:\Projetos\portal-cidadania-os\node_modules\object-hash\package.json","1,24","28/05/2026 23:25:43"
"package.json","","C:\Projetos\portal-cidadania-os\node_modules\papaparse\package.json","1,38","23/07/2026 10:56:41"
"package.json","","C:\Projetos\portal-cidadania-os\node_modules\path-parse\package.json","0,65","28/05/2026 23:25:43"
"package.json","","C:\Projetos\portal-cidadania-os\node_modules\picocolors\package.json","0,54","28/05/2026 23:25:43"
"package.json","","C:\Projetos\portal-cidadania-os\node_modules\picomatch\package.json","1,85","21/06/2026 21:13:23"
"package.json","","C:\Projetos\portal-cidadania-os\node_modules\pify\package.json","0,87","28/05/2026 23:25:43"
"package.json","","C:\Projetos\portal-cidadania-os\node_modules\pirates\package.json","0,82","28/05/2026 23:25:43"
"package.json","","C:\Projetos\portal-cidadania-os\node_modules\postcss\package.json","2,44","28/05/2026 23:25:46"
"package.json","","C:\Projetos\portal-cidadania-os\node_modules\postcss-import\package.json","1,25","28/05/2026 23:25:45"
"package.json","","C:\Projetos\portal-cidadania-os\node_modules\postcss-js\package.json","0,99","28/05/2026 23:25:45"
"package.json","","C:\Projetos\portal-cidadania-os\node_modules\postcss-load-config\package.json","1,12","28/05/2026 23:25:45"
"package.json","","C:\Projetos\portal-cidadania-os\node_modules\postcss-nested\package.json","0,68","28/05/2026 23:25:43"
"package.json","","C:\Projetos\portal-cidadania-os\node_modules\postcss-selector-parser\package.json","2","28/05/2026 23:25:46"
"package.json","","C:\Projetos\portal-cidadania-os\node_modules\postcss-value-parser\package.json","1,27","28/05/2026 23:25:45"
"package.json","","C:\Projetos\portal-cidadania-os\node_modules\queue-microtask\package.json","1,15","28/05/2026 23:25:43"
"package.json","","C:\Projetos\portal-cidadania-os\node_modules\react\package.json","0,98","28/05/2026 23:25:46"
"package.json","","C:\Projetos\portal-cidadania-os\node_modules\react-dom\package.json","1,32","28/05/2026 23:25:46"
"package.json","","C:\Projetos\portal-cidadania-os\node_modules\read-cache\package.json","0,7","28/05/2026 23:25:43"
"package.json","","C:\Projetos\portal-cidadania-os\node_modules\readdirp\package.json","2,46","28/05/2026 23:25:43"
"package.json","","C:\Projetos\portal-cidadania-os\node_modules\readdirp\node_modules\picomatch\package.json","1,87","21/06/2026 21:13:23"
"package.json","","C:\Projetos\portal-cidadania-os\node_modules\resolve\package.json","2,07","28/05/2026 23:25:46"
"package.json","","C:\Projetos\portal-cidadania-os\node_modules\resolve\test\module_dir\zmodules\bbb\package.json","0,02","28/05/2026 23:25:46"
"package.json","","C:\Projetos\portal-cidadania-os\node_modules\resolve\test\resolver\baz\package.json","0,04","28/05/2026 23:25:46"
"package.json","","C:\Projetos\portal-cidadania-os\node_modules\resolve\test\resolver\browser_field\package.json","0,06","28/05/2026 23:25:46"
"package.json","","C:\Projetos\portal-cidadania-os\node_modules\resolve\test\resolver\dot_main\package.json","0,02","28/05/2026 23:25:46"
"package.json","","C:\Projetos\portal-cidadania-os\node_modules\resolve\test\resolver\dot_slash_main\package.json","0,02","28/05/2026 23:25:46"
"package.json","","C:\Projetos\portal-cidadania-os\node_modules\resolve\test\resolver\false_main\package.json","0,04","28/05/2026 23:25:46"
"package.json","","C:\Projetos\portal-cidadania-os\node_modules\resolve\test\resolver\incorrect_main\package.json","0,03","28/05/2026 23:25:46"
"package.json","","C:\Projetos\portal-cidadania-os\node_modules\resolve\test\resolver\invalid_main\package.json","0,09","28/05/2026 23:25:46"
"package.json","","C:\Projetos\portal-cidadania-os\node_modules\resolve\test\resolver\multirepo\package.json","0,38","28/05/2026 23:25:46"
"package.json","","C:\Projetos\portal-cidadania-os\node_modules\resolve\test\resolver\multirepo\packages\package-a\package.json","0,27","28/05/2026 23:25:46"
"package.json","","C:\Projetos\portal-cidadania-os\node_modules\resolve\test\resolver\multirepo\packages\package-b\package.json","0,27","28/05/2026 23:25:46"
"package.json","","C:\Projetos\portal-cidadania-os\node_modules\resolve\test\resolver\nested_symlinks\mylib\package.json","0,25","28/05/2026 23:25:46"
"package.json","","C:\Projetos\portal-cidadania-os\node_modules\resolve\test\resolver\symlinked\package\package.json","0,02","28/05/2026 23:25:46"
"package.json","","C:\Projetos\portal-cidadania-os\node_modules\reusify\package.json","1,05","28/05/2026 23:25:45"
"package.json","","C:\Projetos\portal-cidadania-os\node_modules\run-parallel\package.json","1,26","28/05/2026 23:25:43"
"package.json","","C:\Projetos\portal-cidadania-os\node_modules\scheduler\package.json","0,68","28/05/2026 23:25:45"
"package.json","","C:\Projetos\portal-cidadania-os\node_modules\source-map-js\package.json","2,49","28/05/2026 23:25:45"
"package.json","","C:\Projetos\portal-cidadania-os\node_modules\streamsearch\package.json","0,82","28/05/2026 23:25:45"
"package.json","","C:\Projetos\portal-cidadania-os\node_modules\styled-jsx\package.json","3,07","28/05/2026 23:25:46"
"package.json","","C:\Projetos\portal-cidadania-os\node_modules\sucrase\package.json","3,23","28/05/2026 23:25:47"
"package.json","","C:\Projetos\portal-cidadania-os\node_modules\supports-preserve-symlinks-flag\package.json","1,85","28/05/2026 23:25:45"
"package.json","","C:\Projetos\portal-cidadania-os\node_modules\tailwindcss\package.json","3,45","28/05/2026 23:25:48"
"package.json","","C:\Projetos\portal-cidadania-os\node_modules\thenify\package.json","0,73","28/05/2026 23:25:43"
"package.json","","C:\Projetos\portal-cidadania-os\node_modules\thenify-all\package.json","0,77","28/05/2026 23:25:43"
"package.json","","C:\Projetos\portal-cidadania-os\node_modules\tinyglobby\package.json","1,78","28/05/2026 23:25:43"
"package.json","","C:\Projetos\portal-cidadania-os\node_modules\to-regex-range\package.json","1,74","28/05/2026 23:25:43"
"package.json","","C:\Projetos\portal-cidadania-os\node_modules\ts-interface-checker\package.json","1,29","28/05/2026 23:25:43"
"package.json","","C:\Projetos\portal-cidadania-os\node_modules\tslib\package.json","1,19","28/05/2026 23:25:45"
"package.json","","C:\Projetos\portal-cidadania-os\node_modules\tslib\modules\package.json","0,03","28/05/2026 23:25:45"
"package.json","","C:\Projetos\portal-cidadania-os\node_modules\tsx\package.json","1,56","23/07/2026 10:56:41"
"package.json","","C:\Projetos\portal-cidadania-os\node_modules\typescript\package.json","3,54","28/05/2026 23:25:47"
"package.json","","C:\Projetos\portal-cidadania-os\node_modules\undici-types\package.json","1,17","28/05/2026 23:25:43"
"package.json","","C:\Projetos\portal-cidadania-os\node_modules\update-browserslist-db\package.json","0,89","29/05/2026 00:04:27"
"package.json","","C:\Projetos\portal-cidadania-os\node_modules\util-deprecate\package.json","0,68","28/05/2026 23:25:43"
".env.local","","C:\Projetos\portal-cidadania-os\.env.local","1,42","24/07/2026 16:04:21"
".env.production","","C:\Projetos\portal-cidadania-os\.env.production","1,08","19/07/2026 16:24:07"
